<?xml version="1.0" encoding="UTF-8"?>
<project-private xmlns="http://www.netbeans.org/ns/project-private/1">
    <editor-bookmarks xmlns="http://www.netbeans.org/ns/editor-bookmarks/2" lastBookmarkId="0"/>
    <open-files xmlns="http://www.netbeans.org/ns/projectui-open-files/2">
        <group>
            <file>file:/C:/Users/anita/Downloads/ProyectoOperativos%20vFinal.1/ProyectoOperativos%20vFinal.1/src/proyectooperativos/MejorAjuste.java</file>
            <file>file:/C:/Users/anita/Downloads/ProyectoOperativos%20vFinal.1/ProyectoOperativos%20vFinal.1/src/proyectooperativos/PantallaPrincipal.java</file>
            <file>file:/C:/Users/anita/Downloads/ProyectoOperativos%20vFinal.1/ProyectoOperativos%20vFinal.1/src/proyectooperativos/Registro.java</file>
            <file>file:/C:/Users/anita/Downloads/ProyectoOperativos%20vFinal.1/ProyectoOperativos%20vFinal.1/src/proyectooperativos/ExportarExcel.java</file>
            <file>file:/C:/Users/anita/Downloads/ProyectoOperativos%20vFinal.1/ProyectoOperativos%20vFinal.1/src/proyectooperativos/ProyectoOperativos.java</file>
            <file>file:/C:/Users/anita/Downloads/ProyectoOperativos%20vFinal.1/ProyectoOperativos%20vFinal.1/src/proyectooperativos/PrimerAjuste.java</file>
            <file>file:/C:/Users/anita/Downloads/ProyectoOperativos%20vFinal.1/ProyectoOperativos%20vFinal.1/src/prueba/Formulario.java</file>
            <file>file:/C:/Users/anita/Downloads/ProyectoOperativos%20vFinal.1/ProyectoOperativos%20vFinal.1/src/proyectooperativos/Sinc.java</file>
            <file>file:/C:/Users/anita/Downloads/ProyectoOperativos%20vFinal.1/ProyectoOperativos%20vFinal.1/src/proyectooperativos/Portada.java</file>
            <file>file:/C:/Users/anita/Downloads/ProyectoOperativos%20vFinal.1/ProyectoOperativos%20vFinal.1/src/proyectooperativos/Espacio.java</file>
        </group>
    </open-files>
</project-private>
